"ID","COMPLEXITY","NAME","N TERMINUS","SEQUENCE","C TERMINUS","SYNTHESIS TYPE","TARGET GROUP","TARGET OBJECT"
"15","Monomer","Histatin 5","","DSHAKRHHGYKRKFHEKHHSHRGY","","Ribosomal","",""
"102","Monomer","Dermaseptin S4 [M4K][N20K] ","","ALWKTLLKKVLKAAAKAALKAVLVGANA","","Synthetic","",""
"107","Monomer","Dermaseptin S4 (1-16)AMD[M4K]","","ALWKTLLKKVLKAAAK","AMD","Synthetic","",""
"108","Monomer","Dermaseptin S4 (1-13)AMD[M4K]","","ALWKTLLKKVLKA","AMD","Synthetic","",""
"360","Monomer","Magainin-2 	 ","","GIGKFLHSAKKFGKAFVGEIMNS","","Ribosomal","",""
"447","Monomer","Cecropin (1-7)+Melittin (2-9), CAMEL","","KWKLFKKIGAVLKVL","AMD","Synthetic","",""
"448","Monomer","Cecropin(1-7)+Melittin(2-9)","","KWKLFKXIGAVLKVL","AMD","Synthetic","",""
"449","Monomer","Cecropin(1-7)+Melittin(2-9)","","KWKLFKXIGAVLKVL","AMD","Synthetic","",""
"450","Monomer","Cecropin(1-7)+Melittin(2-9)","","KWKLFKXIGAVLKVL","AMD","Synthetic","",""
"451","Monomer","Cecropin(1-7)+Melittin(2-9)","ACT","KWKLFKKIGAVLKVL","AMD","Synthetic","",""
"453","Monomer","Cecropin(1-7)+Melittin(2-9)","C8","KWKLFKKIGAVLKVL","AMD","Synthetic","",""
"454","Monomer","Cecropin(1-7)+Melittin(2-9) ","C12","KWKLFKKIGAVLKVL","AMD","Synthetic","",""
"455","Monomer","Cecropin(1-7)+Melittin(2-9) ","C14","KWKLFKKIGAVLKVL","AMD","Synthetic","",""
"456","Monomer","Cecropin(1-7)+Melittin(2-9) ","C16","KWKLFKKIGAVLKVL","AMD","Synthetic","",""
"457","Monomer","Cecropin(1-7)+Melittin(2-9) ","","XWKLFKKIGAVLKVL","AMD","Synthetic","",""
"458","Monomer","Cecropin(1-7)+Melittin(2-9) ","","XWKLFKKIGAVLKVL","AMD","Synthetic","",""
"459","Monomer","Cecropin(1-7)+Melittin(2-9) ","","XWKLFKKIGAVLKVL","AMD","Synthetic","",""
"460","Monomer","Cecropin(1-7)+Melittin(2-9) ","","XWKLFKKIGAVLKVL","AMD","Synthetic","",""
"488","Monomer","dhvar4","","KRLFKKLLFSLRKY","","Synthetic","",""
"491","Monomer","Cathelicidin-4, Indolicidin","","ILPWKWPWWPWRR","AMD","Ribosomal","",""
"506","Monomer","Temporin-A","","FLPLIGRVLSGIL","AMD","Ribosomal","",""
"564","Monomer","Drosocin, Drosocin-1","","GKPRPYSPRPTSHPRPIRV","","Ribosomal","",""
"571","Monomer","Cecropin-A, Cecropin-C","","KWKLFKKIEKVGQNIRDGIIKAGPAVAVVGQATQIAK","AMD","Ribosomal","",""
"606","Monomer","Dermaseptin S4","","ALWMTLLKKVLKAAAKAALNAVLVGANA","","Ribosomal","",""
"615","Monomer","Dermaseptin S4 (5-16)","","TLLKKVLKAAAK","","Synthetic","",""
"617","Monomer","Dermaseptin S4 (9-28)","","KVLKAAAKAALNAVLVGANA","","Synthetic","",""
"620","Monomer","Dermaseptin S4 (1-10)AMD[M4K]","","ALWKTLLKKV","AMD","Synthetic","",""
"718","Monomer","PW2","","HPLKQYWWRPSI","","Synthetic","",""
"723","Monomer","Temporin-F, Temporin-1Tf","","FLPLIGKVLSGIL","AMD","Ribosomal","",""
"806","Monomer","Melittin","","GIGAVLKVLTTGLPALISWIKRKRQQ","AMD","Ribosomal","",""
"814","Monomer","Gomesin","","XCRRLCYKQRCVTYCRGR","AMD","Ribosomal","",""
"816","Monomer","Skin peptide tyrosine-tyrosine, SPYY, Skin-PYY","","YPPKPESPGEDASPEEMNKYLTALRHYINLVTRQRY","AMD","Ribosomal","",""
"847","Monomer","Temporin-B, Temporin-1Tb	","","LLPIVGNLLKSLL","AMD","Ribosomal","",""
"849","Monomer","Metchnikowin, Mtk-1","","HRHQGPIFDTRPSPFNPNQPRPGPIY","","Ribosomal","",""
"904","Monomer","Cecropin A (2-8) + Melittin (6-9), CM5, CM11","","WKLFKKILKVL","AMD","Synthetic","",""
"991","Monomer","Dermaseptin-1, DS I, Dermaseptin-S1, DS1","","ALWKTMLKKLGTMALHAGKAALGAAADTISQGTQ","","Ribosomal","",""
"1005","Monomer","M-ctenitoxin-Cs1a, M-CNTX-Cs1a, Cupiennin-1a","","GFGALFKFLAKKVAKTVAKQAAKQGAKYVVNKQME","AMD","Ribosomal","",""
"1026","Monomer","Temporin-1Tl, Temporin-L","","FVQWFSKFLGRIL","AMD","Ribosomal","",""
"1098","Monomer","Dermaseptin-3, DS III, Dermaseptin-S3, DS3","","ALWKNMLKGIGKLAGKAALGAVKKLVGAES","","Ribosomal","",""
"1195","Monomer","Adenoregulin, Dermaseptin BII, Dermaseptin B2","","GLWSKIKEVGKEAAKAAAKAAGKAALGAVSEAV","AMD","Ribosomal","",""
"1238","Monomer","Cecropin-D-like peptide","","ENFFKEIERAGQRIRDAIISAAPAVETLAQAQKIIKGGD","","Ribosomal","",""
"1430","Monomer","Horse cathelicidin 1, Myeloid cathelicidin 1, eCATH-1","","KRFGRLAKSFLRMRILLPRRKILLAS","","Ribosomal","",""
"1546","Monomer","Dermaseptin-1, DPh-1, DShypo 01, Dermaseptin-H4, DMS4","","GLWSTIKNVGKEAAIAAGKAALGAL","AMD","Ribosomal","",""
"1653","Monomer","Phylloseptin-4, PS-4 ","","FLSLIPHAINAVSTLVHHSG","AMD","Ribosomal","",""
"1654","Monomer","Phylloseptin-5, PS-5 ","","FLSLIPHAINAVSAIAKHS","AMD","Ribosomal","",""
"1688","Monomer","Gramicidin S, GS","","VXLfPVXLfP","","Nonribosomal","",""
"1799","Monomer","Defensin, Phlebotomus defensin","","ATCDLLSAFGVGHAACAAHCIGHGYRGGYCNSKAVCTCRR","","Ribosomal","",""
"1800","Monomer","Myticin-A","","HSHACTSYWCGKFCGTASCTHYLCRVLHPGKMCACVHCSR","","Ribosomal","",""
"1801","Monomer","Myticin-B","","HPHVCTSYYCSKFCGTAGCTRYGCRNLHRGKLCFCLHCSR","","Ribosomal","",""
"1848","Monomer","Scorpine, Panscorpine","","GWINEEKIQKKIDERMGNTVLGGMAKAIVHKMAKNEFQCMANMDMLGNCEKHCQTSGEKGYCHGTKCKCGTPLSY","","Ribosomal","",""
"1919","Monomer","Stomoxyn","","RGFRKHFNKLVKKVKHTISETAHVAKDTAVIAGSGAAVVAAT","AMD","Ribosomal","",""
"1984","Monomer","HALO","","KKALLXHALHXLALLAXHLAHXLKKA","AMD","Synthetic","",""
"1987","Monomer","HALO-P8","","KKALLXHPLHXLALLAXHLAHXLKKA","AMD","Synthetic","",""
"1988","Monomer","D-HALO-rev","","akklxhalhxallalxhlahxllakk","AMD","Synthetic","",""
"1989","Monomer","D-HALO-P8F-rev","","akklxhalhxallalxhlphxlkkff","AMD","Synthetic","",""
"2002","Monomer","Clavanin A","","VFQFLGKIIHHVGNFVHGFSHVF","AMD","Ribosomal","",""
"2018","Monomer","NK-2, NK-lysin (39-65)","","KILRGVCKKIMRTFLRRISKDILTGKK","AMD","Synthetic","",""
"2044","Monomer","Dermaseptin-01 / DS 01","","GLWSTIKQKGKEAAIAAAKAAGQAALGAL","AMD","Ribosomal","",""
"2065","Monomer","Cecropin A (1-7) + Melittin (1-8)","","KWKLFKKGIGAVLKV","AMD","Synthetic","",""
"2066","Monomer","Cecropin A (1-7) + Melittin (3-10)","","KWKLFKKGAVLKVLT","AMD","Synthetic","",""
"2067","Monomer","Cecropin A (1-7) + Melittin (4-11)","","KWKLFKKAVLKVLTT","AMD","Synthetic","",""
"2068","Monomer","Cecropin A (1-7) + Melittin (5-12)","","KWKLFKKVLKVLTTG","AMD","Synthetic","",""
"2069","Monomer","Cecropin A (1-7) + Melittin (6-13)","","KWKLFKKLKVLTTGL","AMD","Synthetic","",""
"2122","Monomer","Eumenine mastoparan-AF","","INLLKIAKGIIKSL","AMD","Ribosomal","",""
"2126","Monomer","Eumenitin-R","","LNLKGLIKKVASLLN","","Ribosomal","",""
"2127","Monomer","Eumenitin-F","","LNLKGLFKKVASLLT","","Ribosomal","",""
"2128","Monomer","Eumenine mastoparan-ER","","FDIMGLIKKVAGAL","AMD","Ribosomal","",""
"2129","Monomer","Eumenine mastoparan-EF","","FDVMGIIKKIASAL","AMD","Ribosomal","",""
"2204","Monomer","Temporin-1Sa","","FLSGIVGMLGKLF","AMD","Ribosomal","",""
"2205","Monomer","Temporin-1Sb","","FLPIVTNLLSGLL","AMD","Ribosomal","",""
"2206","Monomer","Temporin-1Sc","","FLSHIAGFLSNLF","AMD","Ribosomal","",""
"2229","Monomer","Tachyplesin-1","","KWCFRVCYRGICYRRCR","AMD","Ribosomal","",""
"2256","Monomer","Andropin","","VFIDILDKMENAIHKAAQAGIG","","Synthetic","",""
"2257","Monomer","Cecropin A [V28W]","","KWKLFKKIEKVGQNIRDGIIKAGPAVAWVGQATQIAK","","Synthetic","",""
"2258","Monomer","Cecropin B [M11N] ","","KWKVFKKIEKNGRNIRNGIVKAGPAIAVLGEAKAL","","Synthetic","",""
"2259","Monomer","Cecropin P1 [del I26,G29]","","SWLSKTAKKLENSAKKRISEGIAIAQGPR","","Synthetic","",""
"2260","Monomer","Melittin [7K,8V,9L Del]","","GIGAVLTTGLPALISWIKRKRQQ","","Synthetic","",""
"2261","Monomer","Tachyplesin-1","","KWCFRVCYRGICYRRCR","","Ribosomal","",""
"2262","Monomer","Pr-1","","PRRRRSSSRP","","Synthetic","",""
"2263","Monomer","Pr-2","","VRRRRRPR","","Synthetic","",""
"2264","Monomer","Protamine (19-32), Pr-3","","VSRRRRRRGGRRRR","","Synthetic","",""
"2439","Monomer","Omega-ctenitoxin-Cs1a / CsTx-1","","SCIPKHEECTNDKHNCCRKGLFKLKCQCSTFDDESGQPTERCACGRPMGHQAIETGLNIFRGLFKGKKKNKKTK","AMD","Ribosomal","",""
"2440","Monomer","Toxin CsTx-2a,Omega-ctenitoxin-Cs1a","","SCIPKHEECTNDKHNCCRKGLFKLKCQCSTFDDESGQPTERCACGRPMGHQAIETGLNIFR","AMD","Ribosomal","",""
"2441","Monomer","Toxin CsTx-2b, Omega-ctenitoxin-Cs1a","","SCIPKHEECTNDKHNCCRKGLFKLKCQCSTFDDESGQPTERCACGRPMGHQAIETGLNIF","","Ribosomal","",""
"2442","Monomer","CT1-long (C-ternimus of CsTx-1), Omega-ctenitoxin-Cs1a (45-74)","","GRPMGHQAIETGLNIFRGLFKGKKKNKKTK","AMD","Synthetic","",""
"2443","Monomer","CT1-short (C-terminus of CsTx-1), Omega-ctenitoxin-Cs1a","","GLFKGKKKNKKTK","AMD","Synthetic","",""
"2498","Monomer","Phage D3 ORF31 (53–83), X1","","PRLKVYLPRYKVYSTAAGRYQLLSRYWDAYR","","Synthetic","",""
"2499","Monomer","Phage D3 ORF31 (53–79), X2","","PRLKVYLPRYKVYSTAAGRYQLLSRYW","","Synthetic","",""
"2500","Monomer","Phage D3 ORF31 (56–75), X3","","KVYLPRYKVYSTAAGRYQLL","","Synthetic","",""
"2501","Monomer","Phage D3 ORF31 (68–83), X4","","AAGRYQLLSRYWDAYR","","Synthetic","",""
"2502","Monomer","Phage D3 ORF31 (53–79)a, X2a","","PRLKVYLPRYKVYSTAAGRYQLLSRYW","AMD","Synthetic","",""
"2503","Monomer","Phage D3 ORF31 (56–75)a, X3a","","KVYLPRYKVYSTAAGRYQLL","AMD","Synthetic","",""
"2538","Monomer","Defensin MGD-1","","GFGCPNNYQCHRHCKSIPGRCGGYCGGWHRLRCTCYRC","","Ribosomal","",""
"2539","Monomer","Defensin MGD1 (25-33) peptide B","","CGGWHRLRC","","Synthetic","",""
"2542","Monomer","Defensin MGD1(25-33) peptide D","","CGGWKRKRC","","Synthetic","",""
"2549","Monomer","Defensin MGD1 (21-39) peptide Q","","CGGYCGGWHRLRCTSYRCG","","Synthetic","",""
"2550","Monomer","Defensin MGD1(21-39) peptide P","","CGGYCGGWKRKRCTSYRCG","","Synthetic","",""
"2574","Monomer","Cecropin A (1-8) + Melittin (1-18)","","KWKLFKKIGIGAVLKVLTTGLPALIS","AMD","Synthetic","",""
"2575","Monomer","D-Cecropin A (1-8) + Melittin (1-18)","","kwklfkkiGiGavlkvlttGlpalis","AMD","Synthetic","",""
"2576","Monomer","Cecropin A (1-8) + Melittin (1-18)","ACT","KWKLFKKIGIGAVLKVLTTGLPALIS","AMD","Synthetic","",""
"2577","Monomer","Cecropin A (1-13) + Melittin (1-13)","","KWKLFKKIEKVGQGIGAVLKVLTTGL","AMD","Synthetic","",""
"2578","Monomer","CM1, Cecropin A (1-7) + Melittin (2-9) [F5L]","","KWKLLKKIGAVLKVL","AMD","Synthetic","",""
"2579","Monomer","Cecropin A (1-7) + Melittin (5-9)","","KWKLFKKVLKVL","AMD","Synthetic","",""
"2580","Monomer","Cecropin A (1-7) + Melittin (5-9) [V8I]","","KWKLFKKILKVL","AMD","Synthetic","",""
"2581","Monomer","Cecropin A (1-7) + Melittin (5-9)","","WKKLFKKLKIL","AMD","Synthetic","",""
"2582","Monomer","Cecropin A (1-7) + Melittin (5-9)","","KWKLLLLLLKWK","AMD","Synthetic","",""
"2583","Monomer","CM7, KLK-L5","","KLKLLLLLKLK","AMD","Synthetic","",""
"2584","Monomer","Defensin-derived L-Peptide A","","RLYLRIGRR","AMD","Synthetic","",""
"2585","Monomer","Defensin-derived D-Peptide A","","rlylriGrr","AMD","Synthetic","",""
"2586","Monomer","Defensin-derived L-Peptide B","","RLRLRIGRR","AMD","Synthetic","",""
"2587","Monomer","Defensin-derived D-Peptide B","","rlrlriGrr","AMD","Synthetic","",""
"2588","Monomer","Defensin-derived L-Peptide C","","ALYLAIRRR","AMD","Synthetic","",""
"2589","Monomer","Defensin-derived D-Peptide C","","alylairrr","AMD","Synthetic","",""
"2590","Monomer","Defensin-derived L-Peptide D","","RLLLRIGRR","AMD","Synthetic","",""
"2591","Monomer","Defensin-derived D-Peptide D","","rlllriGrr","AMD","Synthetic","",""
"2592","Monomer","Defensin-derived D-Peptide E ","","akGfaanhs","AMD","Synthetic","",""
"2593","Monomer","Magainin-derived MSI-94","","GIGKFLKKAKKFGKAFVKMKK","AMD","Synthetic","",""
"2594","Monomer","Mytilin-A","","GCASRCKAKCAGRRCKGWASASFRGRCYCKCFRC","","Ribosomal","",""
"2595","Monomer","Longicin, Antimicrobial peptide","","QDDESDVPHVRVRRGFGCPLNQGACHNHCRSIGRRGGYCAGIIKQTCTCYRK","","Ribosomal","",""
"2596","Monomer","P4, Longicin (53-73)","","SIGRRGGYCAGIIKQTCTCYR","","Synthetic","",""
"2629","Monomer","Phormicin","","ATCDLLSGTGINHSACAAHCLLRGNRGGYCNGKGVCVCRN","","Ribosomal","",""
"2631","Monomer","Gambicin, AGAP008645-PA","","MVFAYAPTCARCKSIGARYCGYGYLNRKGVSCDGQTTINSCEDCKRKFGRCSDGFITECFF","","Ribosomal","",""
"3155","Monomer","Antimicrobial peptide 2, XT-2, XPF-St1","","GVWSTVLGGLKKFAKGGLEAIVNPK","","Ribosomal","",""
"3176","Monomer","Decoralin","","SLLSLIRKLIT","","Ribosomal","",""
"3177","Monomer","Decoralin-NH2","","SLLSLIRKLIT","AMD","Ribosomal","",""
"3192","Monomer","Dermadistinctin-K, DD K","","GLWSKIKAAGKEAAKAAAKAAGKAALNAVSEAV","AMD","Ribosomal","",""
"3232","Monomer","Temporin-SHf","","FFFLSRIF","AMD","Ribosomal","",""
"3316","Monomer","Tyrocidine A, TA","","fPFfNQYVXL","","Nonribosomal","",""
"3475","Monomer","Amphiphatic peptide CT1, VmCT1","","FLGALWNVAKSVF","AMD","Ribosomal","",""
"3859","Monomer","Granulysin","","GRDYRTCLTIVQKLKKMVDKPTQRSVSNAATRVCRTGRSRWRDVCRNFMRRYQSRVTQGLVAGETAQQICEDLR","","Ribosomal","",""
"3889","Monomer","Phylloseptin-1, PSN-1, PLS-S1","","FLSLIPHIVSGVASIAKHF","AMD","Ribosomal","",""
"3899","Monomer","Phyllin-PH, Medusin-H1, Medusin-S1","","LLGMIPVAISAISALSKL","AMD","Ribosomal","",""
"3901","Monomer","Rp-1","","ALYKKFKKKLLKSLKRLG","","Synthetic","",""
"3906","Monomer","Platelet factor 4, HPF4","","EAEEDGDLQCLCVKTTSQVRPRHITSLEVIKAGPHCPTAQLIATLKNGRKICLDLQAPLYKKIIKKLLES","","Ribosomal","",""
"3907","Monomer","HPF4 (59-70)","","LYKKIIKKLLES","","Synthetic","",""
"3908","Monomer","HPF4 (59-70) [K3A]","","LYAKIIKKLLES","","Synthetic","",""
"3909","Monomer","HPF4 (59-70) [K3A,K4A]","","LYAAIIKKLLES","","Synthetic","",""
"3910","Monomer","HPF4 (59-70) [K3A,K4A,K7A]","","LYAAIIAKLLES","","Synthetic","",""
"4107","Monomer","M-myrmicitoxin(01)-Tb1a, Bicarinalin, P16","","KIKIPWGKVKDFLVGGMKAV","AMD","Ribosomal","",""
"4120","Monomer","PvD1, Defensin D1","","KTCENLADTYKGPCFTTGSCDDHCKNKEHLRSGRCRDDFRCWCTKNC","","Ribosomal","",""
"4201","Monomer","Epinecidin-1 (22-42)","","GFIFHIIKGLFHAGKMIHGLV","AMD","Synthetic","",""
"4207","Monomer","Meucin-24","","GRGREFMSNLKEKLSGVKEKMKNS","","Ribosomal","",""
"4208","Monomer","Meucin-25","","VKLIQIRIWIQYVTVLQMFSMKTKQ","","Ribosomal","",""
"4321","Monomer","Crotamine","","YKQCHKKGGHCFPKEKICLPPSSDFGKMDCRWRWKCCKKGSG","","Ribosomal","",""
"4466","Monomer","U2-theraphotoxin-Pc1a, Psalmopeotoxin II, PcFK2","","RCLPAGKTCVRGPMRVPCCGSCSQNKCT","","Ribosomal","",""
"4467","Monomer","U1-theraphotoxin-Pc1a, Psalmopeotoxin I, PcFK1","","ACGILHDNCVYVPAQNPCCRGLQCRYGKCLVQV","AMD","Ribosomal","",""
"4499","Monomer","D-LAK120","","kklallalkkwllalkklallalkk","AMD","Synthetic","",""
"4501","Monomer","D-LAK120-A","","kklalalakkwlalakklalalakk","AMD","Synthetic","",""
"4502","Monomer","D-LAK120-AP13","","kklalalakkwlplakklalalakk","AMD","Synthetic","",""
"4503","Monomer","D-LAK120-H","","kklalhalkkwlhalkklahlalkk","AMD","Synthetic","",""
"4504","Monomer","D-LAK120-HP13","","kkalahalkkwlpalkklahalakk","AMD","Synthetic","",""
"4505","Monomer","D-LAK80-HP13","","kkalakalkhwlpalhklakalakk","AMD","Synthetic","",""
"4506","Monomer","D-LAK160-HP13","","kkalkhalakwlpalkalahklakk","AMD","Synthetic","",""
"4856","Monomer","Cecropin(1-7)+Melittin(2-9) K1(Me 3 )","","XWKLFKKIGAVLKVL","AMD","Synthetic","",""
"4857","Monomer","Cecropin(1-7)+Melittin(2-9) K3(Me 3 )","","KWXLFKKIGAVLKVL","AMD","Synthetic","",""
"4858","Monomer","Cecropin(1-7)+Melittin(2-9) K6(Me 3 )","","KWKLFXKIGAVLKVL","AMD","Synthetic","",""
"4859","Monomer","Cecropin(1-7)+Melittin(2-9) K7(Me 3 )","","KWKLFKXIGAVLKVL","AMD","Synthetic","",""
"4860","Monomer","Cecropin(1-7)+Melittin(2-9) K13(Me 3 )","","KWKLFKKIGAVLXVL","AMD","Synthetic","",""
"4861","Monomer","Cecropin(1-7)+Melittin(2-9) K1,3(Me 3 )","","XWXLFKKIGAVLKVL","AMD","Synthetic","",""
"4862","Monomer","Cecropin(1-7)+Melittin(2-9) K3,6(Me 3 )","","KWXLFXKIGAVLKVL","AMD","Synthetic","",""
"4863","Monomer","Cecropin(1-7)+Melittin(2-9) K6,7(Me 3 )","","KWKLFXXIGAVLKVL","AMD","Synthetic","",""
"4865","Monomer","Cecropin(1-7)+Melittin(2-9) K1,13(Me 3 )","","XWKLFKKIGAVLXVL","AMD","Synthetic","",""
"4866","Monomer","Cecropin(1-7)+Melittin(2-9) K1,3,6,7,13(Me 3 )","","XWXLFXXIGAVLXVL","AMD","Synthetic","",""
"5075","Monomer","Trialysin (26-53)","","VSAVAKVAMKKGAALLKKMGVKISPLK","","Synthetic","",""
"5076","Monomer","Trialysin (21-48)","","KQLKKVSAVAKVAMKKGAALLKKMGVK","","Synthetic","",""
"5078","Monomer","Trialysin (16-43)","","VGKVLKQLKKVSAVAKVAMKKGAALLK","","Synthetic","",""
"5079","Monomer","Trialysin (11-38)","","KFGKIVGKVLKQLKKVSAVAKVAMKKG","","Synthetic","",""
"5080","Monomer","Trialysin (6-33)","","GKVLDKFGKIVGKVLKQLKKVSAVAKV","","Synthetic","",""
"5081","Monomer","Trialysin (1-33)","","FKIKPGKVLDKFGKIVGKVLKQLKKVSAVAKV","","Synthetic","",""
"5083","Monomer","Trialysin (1-29)","","FKIKPGKVLDKFGKIVGKVLKQLKKVS","","Synthetic","",""
"5084","Monomer","Trialysin (1-33)[P5A][G6S]","","FKIKASKVLDKFGKIVGKVLKQLKKVSAVAKV","","Synthetic","",""
"5085","Monomer","Trialysin (1-33)[K2S][K4S]","","FSISPGKVLDKFGKIVGKVLKQLKKVSAVAKV","","Synthetic","",""
"5359","Monomer","Piscidin 4","","FFRHLFRGAKAIFRGARQGWRAHKVVSRYRNRDVPETDNNQEEP","","Ribosomal","",""
"5383","Monomer","Cathelicidin-like peptide, Crotalicidin","","KRFKKFFKKVKKSVKKRLKKIFKKPMVIGVTIPF","AMD","Ribosomal","",""
"5468","Monomer","Hadrurin/Vejovine based peptide, H/V-peptide","","GILKTIKSIASKVANTVQKLKRKAKNAVA","","Synthetic","",""
"5469","Monomer","H/V-peptide (1-28)","","GILKTIKSIASKVANTVQKLKRKAKNAV","","Synthetic","",""
"5477","Monomer","H/V-peptide (1-11)(19-25)[K4N]","","GILNTIKSIASKLKRKAK","","Synthetic","",""
"5480","Monomer","Temporin-1Sa (3-13)[S3K]","","KGIVGMLGKLF","AMD","Synthetic","",""
"5499","Monomer","Transportan 10, TP10","","AGYLLGKINLKALAALAKKIL","","Synthetic","",""
"5594","Monomer","NC7 Dermaseptin S4 (1-13)AMD[M4K]","NC7","ALWKTLLKKVLKA","AMD","Synthetic","",""
"5709","Monomer","CPF-St4","","SLFGTFAKMALKGASKLIPHLLPSRQQ","","Synthetic","",""
"5710","Monomer","CPF-St5","","GVFGLLAKAALKGASKLIPHLLPSRQQ","","Synthetic","",""
"5711","Monomer","CPF-St6","","KLGFENFLVKALKTVMHVPTSPLL","AMD","Synthetic","",""
"5712","Monomer","CPF-St7, Pxt-12","","NLLGSLLKTGLKVGSNLL","AMD","Synthetic","",""
"5713","Monomer","Magainin-St1, Pxt-3","","GLKEVAHSAKKFAKGFISGLTGS","","Synthetic","",""
"5714","Monomer","XPF-St4","","GWASSIGSILGKFAKGGAQAFLQPK","","Ribosomal","",""
"5715","Monomer","XPF-St5","","GWLPTFGKILRKAMQLGPKLIQPI","","Synthetic","",""
"5716","Monomer","XPF-St6","","GVWSTILGGLKKFAKGGLDAIVNPK","","Synthetic","",""
"5717","Monomer","XPF-St7","","GLLSNVAGLLKQFAKGGVNAVLNPK","","Ribosomal","",""
"5718","Monomer","XPF-St8","","GFMSKVANFAKKFAKGGVNAIMNQK","","Synthetic","",""
"5719","Monomer","PFQa-St2","","FIGALLRPALKLLAGK","AMD","Synthetic","",""
"5720","Monomer","PGLa-St2","","GMATKAGTAFGKAAKAIIGAAL","","Synthetic","",""
"5726","Monomer","Potassium channel toxin MeuTXK-beta-1, MeuTXKbeta1","","GFREKHFQRFVKYAVPESTLRTVLQTVVHKVGKTQFGCPAYQGYCDDHCQDIEKKEGFCHGFKCKCGIPMGF","","Ribosomal","",""
"5727","Monomer","MeuTXKbeta1 (1-21)","","GFREKHFQRFVKYAVPESTLR","","Synthetic","",""
"5728","Monomer","MeuTXKbeta1 (22-72)","","TVLQTVVHKVGKTQFGCPAYQGYCDDHCQDIEKKEGFCHGFKCKCGIPMGF","","Synthetic","",""
"5836","Monomer","Prolixin antimicrobial peptide","","MFKTILVLVVALNLLGAFTYASPRPDDKKNQGSASVDVQNERGEGTKVDARVRQELWRSDDGRTRAQAYGHWDRTYGGRNHGERSYGGGMRIEHTWGN","","Ribosomal","",""
"6090","Monomer","Tyrocidine A1","","fPFfNQYVKL","","Nonribosomal","",""
"6091","Monomer","Tyrocidine B","","fPWfNQYVXL","","Nonribosomal","",""
"6092","Monomer","Tyrocidine B1","","fPWfNQYVKL","","Nonribosomal","",""
"6093","Monomer","Tyrocidine C","","fPWwNQYVXL","","Nonribosomal","",""
"6094","Monomer","Tyrocidine C1","","fPWwNQYVKL","","Nonribosomal","",""
"6282","Monomer","VA1","ACT","KWXWKXVKXAK","AMD","Synthetic","",""
"6283","Monomer","VA2","ACT","KAXWKXVKXAK","AMD","Synthetic","",""
"6284","Monomer","VA3","ACT","KWXWKXAKXAK","AMD","Synthetic","",""
"6306","Monomer","Gramicidin A","FOR","VGAlAvVvWlWlWlW","ETA","Nonribosomal","",""
"6482","Monomer","ACT- Dermaseptin S4 (1-13)[M4K] -AMD","ACT","ALWKTLLKKVLKA","AMD","Synthetic","",""
"6668","Monomer","NC12-Dermaseptin S4 (1-13) [M4K]","NC12","ALWKTLLKKVLKA","AMD","Synthetic","",""
"6671","Monomer","","","GKGLXXGRXXGFXXGRXXGFXXGRXXGKR","AMD","Synthetic","",""
"6985","Monomer","C3- Dermaseptin S4 (1-13)[M4K] -AMD ","C3","ALWKTLLKKVLKA","AMD","Synthetic","",""
"6986","Monomer","C4- Dermaseptin S4 (1-13)[M4K] -AMD ","C4","ALWKTLLKKVLKA","AMD","Synthetic","",""
"6987","Monomer","C5- Dermaseptin S4 (1-13)[M4K] -AMD ","C5","ALWKTLLKKVLKA","AMD","Synthetic","",""
"6988","Monomer","C6- Dermaseptin S4 (1-13)[M4K] -AMD ","C6","ALWKTLLKKVLKA","AMD","Synthetic","",""
"6989","Monomer","C8- Dermaseptin S4 (1-13)[M4K] -AMD ","C8","ALWKTLLKKVLKA","AMD","Synthetic","",""
"6990","Monomer","C10- Dermaseptin S4 (1-13)[M4K] -AMD ","C10","ALWKTLLKKVLKA","AMD","Synthetic","",""
"6998","Monomer","C12- Dermaseptin S4 (1-13)[M4K] -AMD ","C12","ALWKTLLKKVLKA","AMD","Synthetic","",""
"6999","Monomer","C14- Dermaseptin S4 (1-13)[M4K] -AMD","C14","ALWKTLLKKVLKA","AMD","Synthetic","",""
"7000","Monomer","C16- Dermaseptin S4 (1-13)[M4K] -AMD","C16","ALWKTLLKKVLKA","AMD","Synthetic","",""
"7001","Monomer","NC2- Dermaseptin S4 (1-13)[M4K] -AMD ","NC2","ALWKTLLKKVLKA","AMD","Synthetic","",""
"7002","Monomer","NC4- Dermaseptin S4 (1-13)[M4K] -AMD","NC4","ALWKTLLKKVLKA","AMD","Synthetic","",""
"7038","Monomer","BMAP28 ","","GGLRSLGRKILRAWKKYGPIIVPIIRIG","","Ribosomal","",""
"7397","Monomer","Anti-lipopolysaccharide factor (29-52), ALFPm3-LBD","ACT","ECKFTVKPYLKRFQVYYKGRMWCP","AMD","Synthetic","",""
"7989","Monomer","Histatin 5 - D","","dshakrhhGykrkfhekhhshrGy","","Synthetic","",""
"8189","Monomer","LSer-Stomoxyn 2, LSerStomox2","","GFRKRFNKLVKKVKHTIKETANVSKDVAIVAGSGVAVGAAMG","","Ribosomal","",""
"8192","Monomer","LSer-Proline-rich peptide 2, LSer-PRP2","","EWRPHGSIGGSGLRPGRPQTLPPQRPRRPDFNGPRHRF","","Ribosomal","",""
"8193","Monomer","LSer-Proline-rich peptide 3, LSer-PRP3","","SPFVDRPRRPIQHNGPKPRIITNPPFNPNARPAW","","Ribosomal","",""
"8199","Monomer","Stigmurin","","FFSLIPSLVGGLISAFK","AMD","Ribosomal","",""
"8203","Monomer","Temporin-1Sa [S3K]","","FLKGIVGMLGKLF","AMD","Synthetic","",""
"8288","Monomer","Ocellatin-PT1","","GVFDIIKDAGKQLVAHAMGKIAEKV","AMD","Ribosomal","",""
"8289","Monomer","Ocellatin-PT2","","GVFDIIKDAGKQLVAHATGKIAEKV","AMD","Ribosomal","",""
"8290","Monomer","Ocellatin-PT3","","GVIDIIKGAGKDLIAHAIGKLAEKV","AMD","Ribosomal","",""
"8291","Monomer","Ocellatin-PT4","","GVFDIIKGAGKQLIAHAMGKIAEKV","AMD","Ribosomal","",""
"8292","Monomer","Ocellatin-PT5","","GVFDIIKDAGRQLVAHAMGKIAEKV","AMD","Ribosomal","",""
"8293","Monomer","Ocellatin-PT6","","GVFDIIKGAGKQLIAHAMEKIAEKVGLNKDGN","","Ribosomal","",""
"8294","Monomer","Ocellatin-PT7","","GVFDIIKGAGKQLIAHAMGKIAEKVGLNKDGN","","Ribosomal","",""
"8295","Monomer","Ocellatin-PT8","","GVFDIIKGAGKQLIARAMGKIAEKVGLNKDGN","","Ribosomal","",""
"8298","Monomer","Defensin MT3","","GYYCPFRQDKCHRHCRSFGRKAGYCGNFLKRTCICVKK","","Ribosomal","",""
"8300","Monomer","Defensin MT2","","GYFCPYNGYCDHHCRKKLRWRGGYCGGRWKLTCICVRG","","Ribosomal","",""
"8301","Monomer","Defensin MT5","","GFFCPYNGYCDRHCRKKLRRRGGYCGGRWKLTCICIMN","","Ribosomal","",""
"8302","Monomer","Defensin MT6","","GFGCPLNQGACHNHCRSIKRRGGYCSGIIKQTCTCYRK","","Ribosomal","",""
"8304","Monomer","Defensin MT7","","GFGCPKSALSCSQQCRENNTHSGGYCNGPFNIVCSCY","","Ribosomal","",""
"8604","Monomer","Antilipopolysacharide factor (29-52) linear","ACT","ECKFTVKPYLKRFQVYYKGRMWCP","AMD","Synthetic","",""
"8611","Monomer","Piscidin Of (1-24), Of-Pis1 (1-24)","","FLGMLLHGVGHAIHGLIHGKQNVE","","Synthetic","",""
"8751","Monomer","D - Cupiennin-1a","","GfGalfkflakkvaktvakqaakqGakyvvnkqme","AMD","Synthetic","",""
"9017","Monomer","Scrambled Bicarinalin","","VVMKLGKAFVPIGKWKKDGI","AMD","Synthetic","",""
"9109","Monomer","Temporin-1Sa [S3K,V6K]","","FLKGIKGMLGKLF","AMD","Synthetic","",""
"9110","Monomer","Temporin-1Sa [S3K,M8K]","","FLKGIVGKLGKLF","AMD","Synthetic","",""
"9111","Monomer","Temporin-1Sa [S3K,F13L]","","FLKGIVGMLGKLL","AMD","Synthetic","",""
"9112","Monomer","Temporin-1Sa [S3K,V6K,F13L]","","FLKGIKGMLGKLL","AMD","Synthetic","",""
"9113","Monomer","Temporin-1Sa [S3K,F13W]","","FLKGIVGMLGKLW","AMD","Synthetic","",""
"9208","Monomer","Cecropin-A Gm","","KWKIFKKIEKAGRNIRDGIIKAGPAVSVVGEAATIYKTG","","Ribosomal","",""
"9362","Monomer","Cruzioseptin-1, CZS-1 ","","GFLDIVKGVGKVALGAVSKLF","AMD","Ribosomal","",""
"9363","Monomer","Cruzioseptin-2, CZS-2","","GFLDVIKHVGKAALGVVTHLINQ","AMD","Ribosomal","",""
"9364","Monomer","Cruzioseptin-3, CZS-3","","GFLDVVKHIGKAALGAVTHLINQ","AMD","Ribosomal","",""
"9466","Monomer","Phylloseptin-S2, PLS-S2","","FLSLIPHIVSGVASLAKHF","AMD","Ribosomal","",""
"9467","Monomer","Phylloseptin-S3, PLS-S3","","FLSLIPHIVSGVASLAIHF","AMD","Ribosomal","",""
"9468","Monomer","Phylloseptin-S4, PLS-S4","","FLSMIPHIVSGVAALAKHL","AMD","Ribosomal","",""
"9469","Monomer","Temporin-SHd","","FLPAALAGIGGILGKLF","AMD","Ribosomal","",""
"9535","Monomer","Crotalicidin (1-14)","","KRFKKFFKKVKKSV","AMD","Synthetic","",""
"9549","Monomer","Crotalicidin (15-34)","","KKRLKKIFKKPMVIGVTIPF","AMD","Synthetic","",""
"9561","Monomer","Ps Hepcidin","","QSHLSLCRYCCNCCRNKGCGYCCKF","","Ribosomal","",""
"9712","Monomer","Piscidin-like peptide, Pc-Piscidin","","IWGLIAHGVGHVGRLIHGLIRG","","Ribosomal","",""
"9781","Monomer","Scorpions-Ticks Defensins Ancestor, STiDA","","GGFGCPFNIDNQGNCHNHCQSIRGRKGGYCHGIFKQTCKCYKPMGYKTRPPFILG","","Synthetic","",""
"9916","Monomer","Thaulin-1","","NGNLLGGLLRPVLGVVKGLTGGLGKK","","Ribosomal","",""
"9917","Monomer","Gly-Thaulin-1","","GNGNLLGGLLRPVLGVVKGLTGGLGKK","","Synthetic","",""
"10085","Monomer","Dermaseptin-S1 (1-29)","","ALWKTMLKKLGTMALHAGKAALGAAADTI","AMD","Synthetic","",""
"10087","Monomer","Dermaseptin-S1 (1-29)[K4T,T12K]","","ALWTTMLKKLGKMALHAGKAALGAAADTI","AMD","Synthetic","",""
"10088","Monomer","Dermaseptin-S1 (1-19)","","ALWKTMLKKLGTMALHAGK","AMD","Synthetic","",""
"10089","Monomer","Dermaseptin-S1 (1-15)[W31NAL]","","ALXKTMLKKLGTMAL","AMD","Synthetic","",""
"10090","Monomer","Dermaseptin-S1 (1-15)[W3H]","","ALHKTMLKKLGTMAL","AMD","Synthetic","",""
"10091","Monomer","K-Dermaseptin-S1 (1-15)[W31NAL]","","KALXKTMLKKLGTMAL","AMD","Synthetic","",""
"10092","Monomer","Dermaseptin-S1 (1-14)","","ALWKTMLKKLGTMA","AMD","Synthetic","",""
"10093","Monomer","Dermaseptin-S1 (1-13)","","ALWKTMLKKLGTM","AMD","Synthetic","",""
"10094","Monomer","Dermaseptin-S1 (1-12)","","ALWKTMLKKLGT","AMD","Synthetic","",""
"10095","Monomer","Dermaseptin-S1 (1-15)","","ALWKTMLKKLGTMAL","AMD","Synthetic","",""
"10232","Monomer","Piscidin-2, ecPis-2","","FFFHIVKGLFHAGRMIHGLVNRRRHRHGMEELDLDQRAFEREKAFA","","Ribosomal","",""
"10233","Monomer","Piscidin-2 (1-20), ecPis-2 (1-20)","","FFFHIVKGLFHAGRMIHGLV","","Synthetic","",""
"10234","Monomer","Piscidin-3, ecPis-3","","IFGLLLHGAIHVGKLIHGLVRRHGEEQLDDLEQLDKRALDYNPGRPGFD","","Ribosomal","",""
"10235","Monomer","Piscidin-3 (1-23), ecPis-3 (1-23)","","IFGLLLHGAIHVGKLIHGLVRRH","","Synthetic","",""
"10236","Monomer","Piscidin-4, ecPis-4","","FFRHIKSFWKGAKAIFRGARQGWREHRALSKQRKMDQGGGGNEVDNGTPPYWQK","","Ribosomal","",""
"10237","Monomer","Piscidin-4 (1-22), ecPis-4 (1-22)","","FFRHIKSFWKGAKAIFRGARQG","","Synthetic","",""
"10525","Monomer","Dendropsophin 1","","NLLNDALGTVNGLLGRS","","Ribosomal","",""
"10526","Monomer","Dendropsophin 1 [D5K]","","NLLNKALGTVNGLLGRS","","Synthetic","",""
"10527","Monomer","Dendropsophin 1 [N4K,D5S,G12K,G15A,R16A]","","NLLKSALKTVNKLLAAS","AMD","Synthetic","",""
"10601","Monomer","Cyclic Gomesin [PYA1G]","","GCRRLCYKQRCVTYCRGR","","Synthetic","",""
"10805","Monomer","","","GKGLXXFKXXKFXXFKXXKFXXFKXXFKR","AMD","Synthetic","",""
"10822","Monomer","","","GKGLXXGKXXGFXXGKXXGFXXGKXXGKR","AMD","Synthetic","",""
"10823","Monomer","","","GKGLXXGLXXGKXXGLXXGKXXGLXXGLR","AMD","Synthetic","",""
"10824","Monomer","","","GKGLXXGKXXGLXXGKXXGLXXGKXXGKR","AMD","Synthetic","",""
"10850","Monomer","Beta-defensin 130","","GVIPGQKQCIALKGVCRDKLCSTLDDTIGICNEGKKCCRRWWILEPYPTPVPKGKSP","","Ribosomal","",""
"10919","Monomer","Dermaseptin-B1, DRS-B1","","AMWKDVLKKIGTVALHAGKAALGAVADTISQ","AMD","Ribosomal","",""
"11227","Monomer","Dermaseptin-H10, DRS-H10","","GLWSTIKNVAAAAGKAALGAL","AMD","Ribosomal","",""
"11270","Monomer","Stigmurin [S7K,G10K], StigA6","","FFSLIPKLVKGLISAFK","AMD","Synthetic","",""
"11271","Monomer","Stigmurin [S3,7K;G10K], StigA16","","FFKLIPKLVKGLISAFK","AMD","Synthetic","",""
"11344","Monomer","Fusaripeptide A","","IYQAATX","","Nonribosomal","",""
"12417","Monomer","Stigmurin [G10,11K;S14K], StigA25","","FFSLIPSLVKKLIKAFK","AMD","Synthetic","",""
"12418","Monomer","Stigmurin [S3,6,14K;G10,11K], StigA31 ","","FFKLIPKLVKKLIKAFK","AMD","Synthetic","",""
"12421","Monomer","Act-Gramicidin A-MEA","ACT","VGAlAvVvWlWlWlW","MEA","Nonribosomal","",""
"12423","Monomer","Act-Gramicidin A","ACT","VGAlAvVvWlWlWlW","ETA","Synthetic","",""
"12666","Monomer","rChemokine CK11","","MHHHHHHAIPKCCVGTSRNIPLSILMRVERYDVQHNHGACEIDAVVLHANGRKYCADPRVKKVLGVAMQIRKAQLMREKLNSIMRR","","Synthetic","",""
"12804","Monomer","Mastoparan-EM1","","LKLMGIVKKVLGAL","AMD","Ribosomal","",""
"12841","Monomer","Mastoparan-EM2","","LKLLGIVKKVLGAI","AMD","Ribosomal","",""
"12878","Monomer","Brevinin 2R","","KLKNFAKGVAQSLLNKASCKLSGQC","","Ribosomal","",""
"12881","Monomer","Brevinin 2R","C12","KLKNFAKGVAQSLLNKASCKLSGQC","","Ribosomal","",""
"12882","Monomer","HLA class II histocompatibility antigen gamma chain (97-120)","","LPKPPKPVSKMRMATPLLMQALPM","","Synthetic","",""
"12884","Monomer","HLA class II histocompatibility antigen gamma chain (97-120)","C12","LPKPPKPVSKMRMATPLLMQALPM","","Synthetic","",""
"13147","Monomer","Metchnikowin 2, Mtk-2","","HRRQGPIFDTRPSPFNPNQPRPGPIY","","Ribosomal","",""
"13148","Monomer","Cecropin-B Gm","","KWKFFKKIERVGQNIRDGIIKAGPAVQVVGQAATIYKGK","","Ribosomal","",""
"13149","Monomer","Cecropin-C Gm","","RWKVFKKIERMGQHIRDGIIKAGPAVAVVGQASTIISG","","Ribosomal","",""
"13415","Monomer","FhHDM-1p2","","AMAYLAKDNLGEKITEVITILLNRLTDRLEKYAG","","Synthetic","",""
"13416","Monomer","SPO-1 protein (73-107), Sm16-p73","","MDKYIRKEDLGMKMLDVAKILGRRIEKRMEYIAKK","","Synthetic","",""
"13423","Monomer","SmHDM-2p58, Smp_194860 (54-85)","","IRKYLEEDNLGEKLAAVVSIYVKRLNKRLDMR","","Synthetic","",""
"14736","Monomer","D-BMAP28","","GGlrslGrkilrawkkyGpiivpiiriG","","Synthetic","",""
"14737","Monomer","Retro-D-BMAP28","","GiriipviipGykkwarlikrGlsrlGG","","Synthetic","",""
"15801","Monomer","Figainin 2, Figainin-02","","FLGAILKIGHALAKTVLPMVTNAFKPKQ","","Ribosomal","",""
"16143","Monomer","Temporin-SHe","","FLPALAGIAGLLGKIF","AMD","Ribosomal","",""
"16162","Monomer","Figainin 1","","FIGTLIPLALGALTKLFK","AMD","Ribosomal","",""
"16334","Monomer","PsPSAPL-1","","YLPKVLHQTPGHLKP","","Ribosomal","",""
"16335","Monomer","PsPSAPL-2","","FTKIYGSRLQKVLGN","","Ribosomal","",""
"16491","Monomer","M-poneratoxin-Dq3c, Dq-1319","","FWGTLAKWALK","","Ribosomal","",""
"16492","Monomer","M-poneratoxin-Dq3b, Dq-1503","","FWGTLAKWALKAI","","Ribosomal","",""
"16493","Monomer","M-poneratoxin-Dq3a, Dq-2562","","FWGTLAKWALKAIPAAMGMKQNK","","Ribosomal","",""
"16498","Monomer","M-poneratoxin-Dq4e, Dq-3348 ","","GLKDWWNKHKDKIVKVVKEMGKAGINAAGK","","Ribosomal","",""
"16629","Monomer","","","KDEL","","Synthetic","",""
"16656","Monomer","svPLA2 homolog (105-121), p-Acl","","KKYKAYFKFKCKK","AMD","Synthetic","",""
"16657","Monomer","svPLA2 homolog (105-121)[K1,2,4,8,10,12,13] p-AclR7","","RRYRAYFRFRCRR","AMD","Synthetic","",""
"16788","Monomer","VmCT1 [F1K]","","KLGALWNVAKSVF","AMD","Synthetic","",""
"16789","Monomer","VmCT1 [A9K]","","FLGALWNVKKSVF","AMD","Synthetic","",""
"16790","Monomer","VmCT1 [F1K,V12K]","","KLGALWNVAKSKF","AMD","Synthetic","",""
"16791","Monomer","VmCT1 [G3K,N7K]","","FLKALWKVAKSVF","AMD","Synthetic","",""
"16792","Monomer","VmCT1 [G3K,S11K]","","FLKALWNVAKKVF","AMD","Synthetic","",""
"16793","Monomer","VmCT1 [N7K,S11K]","","FLGALWKVAKKVF","AMD","Synthetic","",""
"16794","Monomer","VmCT1 [G3K,N7K,S11K]","","FLKALWKVAKKVF","AMD","Synthetic","",""
